WKT,name,description
"POLYGON ((106.7622846 -6.3651842, 106.7482083 -6.3699611, 106.7379087 -6.4463849, 106.8611615 -6.4600308, 106.8900006 -6.4081744, 106.8851941 -6.401692, 106.8790143 -6.4023744, 106.8632215 -6.3798559, 106.8309491 -6.3788323, 106.8024533 -6.3675727, 106.7894071 -6.366549, 106.7794507 -6.3617721, 106.7622846 -6.3651842))",Kota Administrasi Depok, Jawa Barat,
