WKT,name,description
"POLYGON ((110.0290084 -7.8937858, 110.8351303 -8.2051706, 110.7554794 -8.0243518, 110.7829452 -7.8189638, 110.5618453 -7.7835887, 110.5343795 -7.7971948, 110.4931808 -7.7618179, 110.4451156 -7.5345186, 110.3791976 -7.6107522, 110.2597213 -7.6447807, 110.1938033 -7.6461418, 110.1553512 -7.6475029, 110.1223922 -7.6611134, 110.1347518 -7.692416, 110.130632 -7.740046, 110.0962997 -7.7835887, 110.0537277 -7.842092, 110.0290084 -7.8937858))",DIY Yogyakarta,
