WKT,name,description
"POLYGON ((106.7294751 -6.1177791, 106.7281018 -6.1853656, 106.7590008 -6.2440701, 106.7679272 -6.2713723, 106.7686138 -6.2776857, 106.7782269 -6.2892885, 106.7912731 -6.2927011, 106.8190823 -6.2927011, 106.8331585 -6.3002086, 106.8403683 -6.3036211, 106.8558178 -6.3049861, 106.8640576 -6.3056686, 106.8712673 -6.309081, 106.8891201 -6.3070336, 106.9011364 -6.310446, 106.9200192 -6.3128347, 106.9526348 -6.2995261, 106.9588147 -6.289971, 106.958128 -6.2595984, 106.9560681 -6.2486774, 106.9509182 -6.2353672, 106.9540081 -6.2169372, 106.9443951 -6.1971412, 106.9402752 -6.1438931, 106.9337521 -6.1339939, 106.9268856 -6.1234117, 106.9220791 -6.1066846, 106.9059429 -6.1080501, 106.89324 -6.1077087, 106.8740139 -6.1131707, 106.8616543 -6.1217049, 106.818739 -6.1309216, 106.78372 -6.131263, 106.7723904 -6.1206808, 106.7452679 -6.1227289, 106.7294751 -6.1177791))",Kota DKI Jakarta,
