WKT,name,description
"POLYGON ((106.8820279 -6.2951831, 106.8836587 -6.2997474, 106.8842595 -6.3023067, 106.8871777 -6.3047808, 106.8970054 -6.3072974, 106.9021123 -6.3108378, 106.9135278 -6.3118616, 106.9241708 -6.3103686, 106.92357 -6.3024347, 106.9239991 -6.299918, 106.9219392 -6.2968894, 106.9206517 -6.2959509, 106.9175189 -6.291472, 106.9162314 -6.289979, 106.9126265 -6.2907895, 106.9136565 -6.2937754, 106.9118112 -6.2962069, 106.8820279 -6.2951831))",Taman Mini Indonesia Indah,
