WKT,name,description
"POLYGON ((106.8232703 -6.1717551, 106.8230557 -6.1798083, 106.8233293 -6.1801603, 106.8235707 -6.1803203, 106.8238657 -6.1804003, 106.8309897 -6.180139, 106.8310487 -6.1800537, 106.8310701 -6.1798883, 106.8310648 -6.179627, 106.8309414 -6.179419, 106.8304318 -6.178859, 106.8304479 -6.1787417, 106.8304801 -6.1786777, 106.8304371 -6.1786297, 106.8306088 -6.178491, 106.8298739 -6.177771, 106.8299168 -6.1758351, 106.8299758 -6.1758244, 106.8300019 -6.1752905, 106.8300394 -6.1752318, 106.8299925 -6.1746399, 106.830026 -6.1745265, 106.8298007 -6.1734239, 106.8295043 -6.1733332, 106.8293139 -6.1732172, 106.8291624 -6.1730772, 106.8290658 -6.1729225, 106.8292428 -6.1719145, 106.8292401 -6.1718505, 106.8292187 -6.1717839, 106.8291597 -6.1716879, 106.8290604 -6.1716025, 106.8290202 -6.1715705, 106.8289263 -6.1715439, 106.8235753 -6.1714985, 106.8234439 -6.1715599, 106.8232703 -6.1717551))",Taman Monas,
