WKT,name,description
"POLYGON ((106.850879 -6.2327841, 106.8507288 -6.233488, 106.8507717 -6.2342986, 106.8523596 -6.2353438, 106.8526385 -6.2360691, 106.8527029 -6.236581, 106.8516944 -6.2398019, 106.8526815 -6.2420416, 106.853926 -6.2420416, 106.8530677 -6.2408471, 106.8529175 -6.2402499, 106.8530248 -6.2389487, 106.8535827 -6.2370503, 106.8532393 -6.2346612, 106.8528317 -6.2347679, 106.8525527 -6.2334027, 106.8513082 -6.2334667, 106.8512867 -6.2330401, 106.850879 -6.2327841))",Tebet Echo Park,
