WKT,name,description
"POLYGON ((106.8161309 -6.3050733, 106.8162168 -6.3056279, 106.8169034 -6.3069715, 106.8167747 -6.3075687, 106.8166244 -6.3079526, 106.8160236 -6.3080166, 106.8156803 -6.3096588, 106.8161309 -6.3105119, 106.8169034 -6.3105759, 106.8173111 -6.3107678, 106.8170965 -6.3111944, 106.8172896 -6.3114503, 106.817633 -6.3114503, 106.8177402 -6.3146921, 106.817118 -6.31514, 106.8164099 -6.3151613, 106.8163455 -6.3160357, 106.8167103 -6.316185, 106.817354 -6.3162277, 106.8179763 -6.3161211, 106.8183625 -6.3164196, 106.8187702 -6.3165476, 106.8191135 -6.3167822, 106.8190492 -6.3171874, 106.8204225 -6.3173367, 106.8207658 -6.3174434, 106.8217099 -6.3175073, 106.8225038 -6.3174007, 106.8230832 -6.317358, 106.8235124 -6.317358, 106.823684 -6.3174007, 106.8237269 -6.3176566, 106.824714 -6.3177846, 106.8257654 -6.3112584, 106.8260229 -6.3111944, 106.8264735 -6.3113437, 106.8268812 -6.3096588, 106.8269241 -6.3086564, 106.8246067 -6.3084858, 106.8244565 -6.3081445, 106.8246282 -6.3063317, 106.8232549 -6.3063743, 106.8228901 -6.3064383, 106.8225897 -6.3066303, 106.8205297 -6.3065663, 106.8205727 -6.3056918, 106.8184698 -6.3054572, 106.8185342 -6.305244, 106.8161309 -6.3050733))",Kebun Binatang Ragunan,
