WKT,name,description
"POLYGON ((106.7981769 -6.2147785, 106.7983915 -6.2174662, 106.7983056 -6.219578, 106.7983056 -6.2198127, 106.79837 -6.2201966, 106.79837 -6.2205166, 106.8030692 -6.2226071, 106.8047429 -6.2246549, 106.8087126 -6.2220311, 106.808262 -6.2213485, 106.8083478 -6.2157597, 106.806202 -6.2157597, 106.8061162 -6.2145651, 106.8062664 -6.2145865, 106.8061377 -6.2127946, 106.7981769 -6.2147785))",Gelora Bung Karno,
